<?xml version="1.0" encoding="UTF-8"?>
<root>
  <item name="androidx.browser.auth.AuthTabCallback void onNavigationEvent(int, android.os.Bundle) 0">
    <annotation name="androidx.annotation.IntDef">
      <val name="value" val="{androidx.browser.customtabs.CustomTabsCallback.NAVIGATION_STARTED, androidx.browser.customtabs.CustomTabsCallback.NAVIGATION_FINISHED, androidx.browser.customtabs.CustomTabsCallback.NAVIGATION_FAILED, androidx.browser.customtabs.CustomTabsCallback.NAVIGATION_ABORTED, androidx.browser.customtabs.CustomTabsCallback.TAB_SHOWN, androidx.browser.customtabs.CustomTabsCallback.TAB_HIDDEN}" />
    </annotation>
  </item>
  <item name="androidx.browser.auth.AuthTabIntent androidx.browser.auth.AuthTabColorSchemeParams getColorSchemeParams(android.content.Intent, int) 1">
    <annotation name="androidx.annotation.IntDef">
      <val name="value" val="{androidx.browser.customtabs.CustomTabsIntent.COLOR_SCHEME_SYSTEM, androidx.browser.customtabs.CustomTabsIntent.COLOR_SCHEME_LIGHT, androidx.browser.customtabs.CustomTabsIntent.COLOR_SCHEME_DARK}" />
    </annotation>
  </item>
  <item name="androidx.browser.auth.AuthTabIntent.AuthResult AuthResult(int, android.net.Uri) 0">
    <annotation name="androidx.annotation.IntDef">
      <val name="value" val="{androidx.browser.auth.AuthTabIntent.RESULT_CANCELED, androidx.browser.auth.AuthTabIntent.RESULT_OK, androidx.browser.auth.AuthTabIntent.RESULT_VERIFICATION_FAILED, androidx.browser.auth.AuthTabIntent.RESULT_VERIFICATION_TIMED_OUT, androidx.browser.auth.AuthTabIntent.RESULT_UNKNOWN_CODE}" />
    </annotation>
  </item>
  <item name="androidx.browser.auth.AuthTabIntent.AuthResult resultCode">
    <annotation name="androidx.annotation.IntDef">
      <val name="value" val="{androidx.browser.auth.AuthTabIntent.RESULT_CANCELED, androidx.browser.auth.AuthTabIntent.RESULT_OK, androidx.browser.auth.AuthTabIntent.RESULT_VERIFICATION_FAILED, androidx.browser.auth.AuthTabIntent.RESULT_VERIFICATION_TIMED_OUT, androidx.browser.auth.AuthTabIntent.RESULT_UNKNOWN_CODE}" />
    </annotation>
  </item>
  <item name="androidx.browser.auth.AuthTabIntent.Builder androidx.browser.auth.AuthTabIntent.Builder setColorScheme(int) 0">
    <annotation name="androidx.annotation.IntDef">
      <val name="value" val="{androidx.browser.customtabs.CustomTabsIntent.COLOR_SCHEME_SYSTEM, androidx.browser.customtabs.CustomTabsIntent.COLOR_SCHEME_LIGHT, androidx.browser.customtabs.CustomTabsIntent.COLOR_SCHEME_DARK}" />
    </annotation>
  </item>
  <item name="androidx.browser.auth.AuthTabIntent.Builder androidx.browser.auth.AuthTabIntent.Builder setColorSchemeParams(int, androidx.browser.auth.AuthTabColorSchemeParams) 0">
    <annotation name="androidx.annotation.IntDef">
      <val name="value" val="{androidx.browser.customtabs.CustomTabsIntent.COLOR_SCHEME_SYSTEM, androidx.browser.customtabs.CustomTabsIntent.COLOR_SCHEME_LIGHT, androidx.browser.customtabs.CustomTabsIntent.COLOR_SCHEME_DARK}" />
    </annotation>
  </item>
  <item name="androidx.browser.auth.AuthTabIntent.ResultCode">
    <annotation name="androidx.annotation.IntDef">
      <val name="value" val="{androidx.browser.auth.AuthTabIntent.RESULT_CANCELED, androidx.browser.auth.AuthTabIntent.RESULT_OK, androidx.browser.auth.AuthTabIntent.RESULT_VERIFICATION_FAILED, androidx.browser.auth.AuthTabIntent.RESULT_VERIFICATION_TIMED_OUT, androidx.browser.auth.AuthTabIntent.RESULT_UNKNOWN_CODE}" />
    </annotation>
  </item>
</root>

