<?xml version="1.0" encoding="UTF-8"?>
<root>
  <item name="androidx.browser.trusted.LaunchHandlerClientMode.ClientMode">
    <annotation name="androidx.annotation.IntDef">
      <val name="value" val="{androidx.browser.trusted.LaunchHandlerClientMode.AUTO, androidx.browser.trusted.LaunchHandlerClientMode.NAVIGATE_EXISTING, androidx.browser.trusted.LaunchHandlerClientMode.FOCUS_EXISTING, androidx.browser.trusted.LaunchHandlerClientMode.NAVIGATE_NEW}" />
    </annotation>
  </item>
  <item name="androidx.browser.trusted.ScreenOrientation.LockType">
    <annotation name="androidx.annotation.IntDef">
      <val name="value" val="{androidx.browser.trusted.ScreenOrientation.DEFAULT, androidx.browser.trusted.ScreenOrientation.PORTRAIT_PRIMARY, androidx.browser.trusted.ScreenOrientation.PORTRAIT_SECONDARY, androidx.browser.trusted.ScreenOrientation.LANDSCAPE_PRIMARY, androidx.browser.trusted.ScreenOrientation.LANDSCAPE_SECONDARY, androidx.browser.trusted.ScreenOrientation.ANY, androidx.browser.trusted.ScreenOrientation.LANDSCAPE, androidx.browser.trusted.ScreenOrientation.PORTRAIT, androidx.browser.trusted.ScreenOrientation.NATURAL}" />
    </annotation>
  </item>
  <item name="androidx.browser.trusted.TrustedWebActivityIntent int getLaunchHandlerClientMode()">
    <annotation name="androidx.annotation.IntDef">
      <val name="value" val="{androidx.browser.trusted.LaunchHandlerClientMode.AUTO, androidx.browser.trusted.LaunchHandlerClientMode.NAVIGATE_EXISTING, androidx.browser.trusted.LaunchHandlerClientMode.FOCUS_EXISTING, androidx.browser.trusted.LaunchHandlerClientMode.NAVIGATE_NEW}" />
    </annotation>
  </item>
  <item name="androidx.browser.trusted.TrustedWebActivityIntentBuilder androidx.browser.trusted.TrustedWebActivityIntentBuilder setColorScheme(int) 0">
    <annotation name="androidx.annotation.IntDef">
      <val name="value" val="{androidx.browser.customtabs.CustomTabsIntent.COLOR_SCHEME_SYSTEM, androidx.browser.customtabs.CustomTabsIntent.COLOR_SCHEME_LIGHT, androidx.browser.customtabs.CustomTabsIntent.COLOR_SCHEME_DARK}" />
    </annotation>
  </item>
  <item name="androidx.browser.trusted.TrustedWebActivityIntentBuilder androidx.browser.trusted.TrustedWebActivityIntentBuilder setColorSchemeParams(int, androidx.browser.customtabs.CustomTabColorSchemeParams) 0">
    <annotation name="androidx.annotation.IntDef">
      <val name="value" val="{androidx.browser.customtabs.CustomTabsIntent.COLOR_SCHEME_SYSTEM, androidx.browser.customtabs.CustomTabsIntent.COLOR_SCHEME_LIGHT, androidx.browser.customtabs.CustomTabsIntent.COLOR_SCHEME_DARK}" />
    </annotation>
  </item>
  <item name="androidx.browser.trusted.TrustedWebActivityIntentBuilder androidx.browser.trusted.TrustedWebActivityIntentBuilder setLaunchHandlerClientMode(int) 0">
    <annotation name="androidx.annotation.IntDef">
      <val name="value" val="{androidx.browser.trusted.LaunchHandlerClientMode.AUTO, androidx.browser.trusted.LaunchHandlerClientMode.NAVIGATE_EXISTING, androidx.browser.trusted.LaunchHandlerClientMode.FOCUS_EXISTING, androidx.browser.trusted.LaunchHandlerClientMode.NAVIGATE_NEW}" />
    </annotation>
  </item>
  <item name="androidx.browser.trusted.TrustedWebActivityIntentBuilder androidx.browser.trusted.TrustedWebActivityIntentBuilder setScreenOrientation(int) 0">
    <annotation name="androidx.annotation.IntDef">
      <val name="value" val="{androidx.browser.trusted.ScreenOrientation.DEFAULT, androidx.browser.trusted.ScreenOrientation.PORTRAIT_PRIMARY, androidx.browser.trusted.ScreenOrientation.PORTRAIT_SECONDARY, androidx.browser.trusted.ScreenOrientation.LANDSCAPE_PRIMARY, androidx.browser.trusted.ScreenOrientation.LANDSCAPE_SECONDARY, androidx.browser.trusted.ScreenOrientation.ANY, androidx.browser.trusted.ScreenOrientation.LANDSCAPE, androidx.browser.trusted.ScreenOrientation.PORTRAIT, androidx.browser.trusted.ScreenOrientation.NATURAL}" />
    </annotation>
  </item>
  <item name="androidx.browser.trusted.TrustedWebActivityIntentBuilder mLaunchHandlerClientMode">
    <annotation name="androidx.annotation.IntDef">
      <val name="value" val="{androidx.browser.trusted.LaunchHandlerClientMode.AUTO, androidx.browser.trusted.LaunchHandlerClientMode.NAVIGATE_EXISTING, androidx.browser.trusted.LaunchHandlerClientMode.FOCUS_EXISTING, androidx.browser.trusted.LaunchHandlerClientMode.NAVIGATE_NEW}" />
    </annotation>
  </item>
  <item name="androidx.browser.trusted.TrustedWebActivityIntentBuilder mScreenOrientation">
    <annotation name="androidx.annotation.IntDef">
      <val name="value" val="{androidx.browser.trusted.ScreenOrientation.DEFAULT, androidx.browser.trusted.ScreenOrientation.PORTRAIT_PRIMARY, androidx.browser.trusted.ScreenOrientation.PORTRAIT_SECONDARY, androidx.browser.trusted.ScreenOrientation.LANDSCAPE_PRIMARY, androidx.browser.trusted.ScreenOrientation.LANDSCAPE_SECONDARY, androidx.browser.trusted.ScreenOrientation.ANY, androidx.browser.trusted.ScreenOrientation.LANDSCAPE, androidx.browser.trusted.ScreenOrientation.PORTRAIT, androidx.browser.trusted.ScreenOrientation.NATURAL}" />
    </annotation>
  </item>
</root>

