<?xml version="1.0" encoding="UTF-8"?>
<root>
  <item name="com.google.androidbrowserhelper.trusted.PermissionStatus">
    <annotation name="androidx.annotation.IntDef">
      <val name="value" val="{com.google.androidbrowserhelper.trusted.PermissionStatus.ALLOW, com.google.androidbrowserhelper.trusted.PermissionStatus.BLOCK, com.google.androidbrowserhelper.trusted.PermissionStatus.ASK}" />
    </annotation>
  </item>
  <item name="com.google.androidbrowserhelper.trusted.TwaLauncher mLaunchMode">
    <annotation name="androidx.annotation.IntDef">
      <val name="value" val="{com.google.androidbrowserhelper.trusted.TwaProviderPicker.LaunchMode.TRUSTED_WEB_ACTIVITY, com.google.androidbrowserhelper.trusted.TwaProviderPicker.LaunchMode.CUSTOM_TAB, com.google.androidbrowserhelper.trusted.TwaProviderPicker.LaunchMode.BROWSER}" />
    </annotation>
  </item>
  <item name="com.google.androidbrowserhelper.trusted.TwaProviderPicker.Action Action(int, java.lang.String) 0">
    <annotation name="androidx.annotation.IntDef">
      <val name="value" val="{com.google.androidbrowserhelper.trusted.TwaProviderPicker.LaunchMode.TRUSTED_WEB_ACTIVITY, com.google.androidbrowserhelper.trusted.TwaProviderPicker.LaunchMode.CUSTOM_TAB, com.google.androidbrowserhelper.trusted.TwaProviderPicker.LaunchMode.BROWSER}" />
    </annotation>
  </item>
  <item name="com.google.androidbrowserhelper.trusted.TwaProviderPicker.Action launchMode">
    <annotation name="androidx.annotation.IntDef">
      <val name="value" val="{com.google.androidbrowserhelper.trusted.TwaProviderPicker.LaunchMode.TRUSTED_WEB_ACTIVITY, com.google.androidbrowserhelper.trusted.TwaProviderPicker.LaunchMode.CUSTOM_TAB, com.google.androidbrowserhelper.trusted.TwaProviderPicker.LaunchMode.BROWSER}" />
    </annotation>
  </item>
  <item name="com.google.androidbrowserhelper.trusted.TwaProviderPicker.LaunchMode">
    <annotation name="androidx.annotation.IntDef">
      <val name="value" val="{com.google.androidbrowserhelper.trusted.TwaProviderPicker.LaunchMode.TRUSTED_WEB_ACTIVITY, com.google.androidbrowserhelper.trusted.TwaProviderPicker.LaunchMode.CUSTOM_TAB, com.google.androidbrowserhelper.trusted.TwaProviderPicker.LaunchMode.BROWSER}" />
    </annotation>
  </item>
</root>

